"ID","Description","GeneRatio","BgRatio","RichFactor","FoldEnrichment","zScore","pvalue","p.adjust","qvalue","geneID","Count"
"GO:0005216","monoatomic ion channel activity","10/182","147/10643",0.0680272108843537,3.97809673319877,4.79563671875678,0.000209837162173235,0.0424900121417404,0.0399407954722013,"TSPOAP1/P2RX7/CLCN2/SLC1A4/GPR89A/TRPC1/ANO10/KCNJ14/TPCN1/ORAI1",10
"GO:0003950","NAD+ poly-ADP-ribosyltransferase activity","4/182","19/10643",0.210526315789474,12.3111625216888,6.50879708176128,0.000262284025566299,0.0424900121417404,0.0399407954722013,"SIRT4/PARP9/PARP14/PARP10",4
"GO:1990404","NAD+-protein mono-ADP-ribosyltransferase activity","4/182","19/10643",0.210526315789474,12.3111625216888,6.50879708176128,0.000262284025566299,0.0424900121417404,0.0399407954722013,"SIRT4/PARP9/PARP14/PARP10",4
"GO:0016763","pentosyltransferase activity","5/182","40/10643",0.125,7.30975274725275,5.2733752506053,0.000560533440785532,0.0471506542292488,0.0443218192235087,"SIRT4/PARP9/PARP14/POGLUT3/PARP10",5
"GO:0015267","channel activity","10/182","167/10643",0.0598802395209581,3.50167796275581,4.2978634566492,0.000582106842336405,0.0471506542292488,0.0443218192235087,"TSPOAP1/P2RX7/CLCN2/SLC1A4/GPR89A/TRPC1/ANO10/KCNJ14/TPCN1/ORAI1",10
"GO:0022803","passive transmembrane transporter activity","10/182","167/10643",0.0598802395209581,3.50167796275581,4.2978634566492,0.000582106842336405,0.0471506542292488,0.0443218192235087,"TSPOAP1/P2RX7/CLCN2/SLC1A4/GPR89A/TRPC1/ANO10/KCNJ14/TPCN1/ORAI1",10
